{
  "sourceType": "unambiguous",
  "presets": [
    [
      "@babel/preset-env",
      {
        "targets": {
          /**
           Depending on which execution environment the library targets
           • uncomment the "browsers" configuration for Browsers
            • uncomment the "node" configuration for NodeJS
            Either of one needs to be uncommented, and not both the configs
           */
          "browsers": ["last 2 versions", "not dead"] // Library to be used in SPA, MFE consumption
          //"node": ">=18.0.0"
        },
        "useBuiltIns": "usage",
        "corejs": "3.37.1"
      }
    ],
    "@babel/preset-react",
    "@babel/preset-typescript"
  ],
  "env": {
    "test": {
      "presets": [
        "jest",
        "@babel/preset-env",
        "@babel/preset-react",
        "@babel/preset-typescript"
      ]
    }
  }
}