{
  "$schema": "node_modules/lerna/schemas/lerna-schema.json",
  "command": {
    "publish": {
      "yes": true,
      "registry": "https://artifactory.srv.westpac.com.au/artifactory/api/npm/wdp-001_npm/",
      "conventionalCommits": true,
      "message": "chore(release): publish %s :tada: ***NO_CI***"
    },
    "version": {
      "exact": true
    }
  },
  "changelogPreset": {
    "name": "conventionalcommits",
    "types": [
      {
        "type": "feat",
        "section": "🚀 Features"
      },
      {
        "type": "fix",
        "section": "💥 Bug Fixes"
      }
    ]
  },
  "ignoreChanges": ["**/docs/**", "**/.env", "**/.npmrc"],
  "version": "1.47.2"
}
