{
  "$schema": "./node_modules/nx/schemas/nx-schema.json",
  "targetDefaults": {
    "build": {
      "cache": true,
      "dependsOn": ["^build"],
      "outputs": ["{projectRoot}/dist"]
    },
    "test": {
      "cache": true,
      "dependsOn": ["^test"]
    }
  },
  "defaultBase": "master",
  "release": {
    "projects": ["packages/*"],
    "git": {
      "commitMessage": "chore(release): publish v{version} :tada: ***NO_CI***"
    },
    "version": {
      "conventionalCommits": true
    },
    "changelog": {
      "projectChangelogs": {
        "renderOptions": {
          "authors": false
        }
      },
      "workspaceChangelog": {
        "renderOptions": {
          "authors": false
        }
      }
    }
  },
  "plugins": [
    {
      "plugin": "@nx/storybook/plugin",
      "options": {
        "serveStorybookTargetName": "storybook",
        "buildStorybookTargetName": "build-storybook",
        "testStorybookTargetName": "test-storybook",
        "staticStorybookTargetName": "static-storybook"
      }
    }
  ]
}
